EOS,sigma,Lambda1p4_GR,Lambda1p4_median,Lambda1p4_p5,Lambda1p4_p95,DeltaLambda1p4_median,DeltaLambda1p4_p5,DeltaLambda1p4_p95,mc_samples
SLy,0.0,455.0502509224901,453.8080165066238,417.92730644226356,491.59969817244985,-1.2422344158663057,-37.122944480226536,36.54944724995979,1000
SLy,0.0003015075376884422,455.0502509224901,454.10821033470165,418.7682300607511,490.8479878294952,-0.9420405877884286,-36.28202086173899,35.797736907005145,1000
SLy,0.0006030150753768844,455.0502509224901,454.20044268868605,419.30241328501194,490.46203142645754,-0.849808233804048,-35.747837637478135,35.411780503967464,1000
SLy,0.0009045226130653265,455.0502509224901,454.3831356968534,419.7572758496501,490.0942244997718,-0.6671152256367057,-35.29297507283999,35.043973577281754,1000
SLy,0.0012060301507537687,455.0502509224901,454.4261827018768,419.8924599813571,489.7317114191932,-0.6240682206132647,-35.15779094113301,34.681460496703075,1000
SLy,0.001507537688442211,455.0502509224901,454.5728257050802,420.29503968434267,489.24831068076236,-0.4774252174098631,-34.75521123814739,34.19805975827228,1000
SLy,0.001809045226130653,455.0502509224901,454.5117123488856,420.5692534145832,488.81407904121875,-0.5385385736044743,-34.480997507906885,33.763828118728675,1000
SLy,0.002110552763819095,455.0502509224901,454.6526530879197,421.1113973761615,488.44234305160484,-0.3975978345703549,-33.93885354632859,33.39209212911476,1000
SLy,0.0024120603015075374,455.0502509224901,454.9236130976777,422.09377828238553,487.91665620631255,-0.1266378248124207,-32.95647264010454,32.86640528382245,1000
SLy,0.0027135678391959797,455.0502509224901,455.1785115732555,423.1980895887745,487.32252163465796,0.12826065076542742,-31.85216133371559,32.27227071216788,1000
SLy,0.003015075376884422,455.0502509224901,455.2213461380513,423.42095586492144,486.94591576273984,0.17109521556122242,-31.629295057568612,31.895664840249744,1000
SLy,0.003316582914572864,455.0502509224901,455.22440875237135,423.65506305400953,486.72952282728875,0.17415782988127626,-31.395187868480527,31.679271904798664,1000
SLy,0.003618090452261306,455.0502509224901,455.16139976056627,424.06638877913866,486.4039481753196,0.11114883807621556,-30.98386214335143,31.353697252829516,1000
SLy,0.003919597989949748,455.0502509224901,455.3797363851165,424.32856879536456,485.9114810280169,0.32948546262641876,-30.72168212712551,30.861230105526804,1000
SLy,0.00422110552763819,455.0502509224901,455.62907874602007,424.6025433108501,485.4018186038618,0.5788278235299691,-30.44770761164001,30.351567681371684,1000
SLy,0.004522613065326633,455.0502509224901,455.6398465189644,425.2274227436893,485.44897076062995,0.5895955964743187,-29.822828178800744,30.398719838139883,1000
SLy,0.004824120603015075,455.0502509224901,455.76605633613286,425.9321015333825,485.29034810351305,0.7158054136428107,-29.118149389107572,30.240097181022968,1000
SLy,0.005125628140703517,455.0502509224901,455.8898503231952,425.94543769467964,485.2399257444707,0.8395994007051196,-29.104813227810443,30.18967482198065,1000
SLy,0.005427135678391959,455.0502509224901,455.95091418262314,426.24346110007303,485.11605863092757,0.9006632601330615,-28.806789822417038,30.065807708437504,1000
SLy,0.005728643216080401,455.0502509224901,455.9760408252346,426.6468016231796,484.84334241952354,0.9257899027444947,-28.403449299310495,29.793091497033476,1000
SLy,0.006030150753768844,455.0502509224901,456.14752452237263,427.0337107471716,484.65501952109327,1.0972735998825565,-28.016540175318458,29.6047685986032,1000
SLy,0.006331658291457286,455.0502509224901,456.4743322274985,427.5904237791824,485.10316992463606,1.4240813050084125,-27.459827143307688,30.052919002146005,1000
SLy,0.006633165829145728,455.0502509224901,456.68698327221796,427.9612289681082,484.8631276513422,1.6367323497278785,-27.089021954381884,29.812876728852125,1000
SLy,0.00693467336683417,455.0502509224901,456.618228470146,428.42560662805687,485.04633458992055,1.5679775476559317,-26.62464429443322,29.99608366743047,1000
SLy,0.007236180904522612,455.0502509224901,456.52921125507305,428.4643961409308,485.0322733139242,1.4789603325829859,-26.58585478155929,29.982022391434082,1000
SLy,0.007537688442211054,455.0502509224901,456.81524581501986,428.7653513008942,485.3801092761714,1.7649948925297623,-26.284899621595834,30.32985835368136,1000
SLy,0.007839195979899497,455.0502509224901,456.79727593957756,428.9015348849392,485.41161247648324,1.7470250170875072,-26.148716037550837,30.36136155399317,1000
SLy,0.008140703517587939,455.0502509224901,456.797427280015,429.05485184264535,485.565506040537,1.7471763575248964,-25.99539907984474,30.515255118046902,1000
SLy,0.00844221105527638,455.0502509224901,456.86955405312915,429.65148022895556,485.57791713792255,1.8193031306390912,-25.3987706935345,30.527666215432454,1000
SLy,0.008743718592964822,455.0502509224901,457.04281380027913,430.2371619217398,485.6028814353873,1.9925628777890685,-24.813089000750285,30.552630512897217,1000
SLy,0.009045226130653266,455.0502509224901,457.0075344244127,430.5360493936074,485.31479756392787,1.9572835019226107,-24.51420152888267,30.264546641437803,1000
SLy,0.009346733668341708,455.0502509224901,457.02042322361103,430.4467076996325,485.0581158242338,1.9701723011209475,-24.603543222857578,30.00786490174373,1000
SLy,0.00964824120603015,455.0502509224901,457.12004881770724,430.67580711340577,484.77563872153956,2.0697978952171407,-24.3744438090843,29.725387799049482,1000
SLy,0.009949748743718591,455.0502509224901,457.26375979531565,430.46044005126083,485.00447691957606,2.2135088728255505,-24.589810871229258,29.954225997085985,1000
SLy,0.010251256281407033,455.0502509224901,457.39847598976604,430.27013562497734,485.33306114879235,2.3482250672759815,-24.780115297512758,30.28281022630225,1000
SLy,0.010552763819095477,455.0502509224901,457.6351842034213,430.5447969090296,485.5475012449046,2.584933280931221,-24.50545401346048,30.49725032241452,1000
SLy,0.010854271356783919,455.0502509224901,457.84986603806504,430.7858339782631,485.86026840333074,2.7996151155749587,-24.264416944226966,30.810017480840663,1000
SLy,0.01115577889447236,455.0502509224901,458.15606266700996,430.9522067549108,485.8390391239749,3.1058117445198867,-24.098044167579314,30.7887882014848,1000
SLy,0.011457286432160802,455.0502509224901,458.17340525065345,431.37201354371126,486.15028832561944,3.123154328163353,-23.678237378778793,31.100037403129388,1000
SLy,0.011758793969849244,455.0502509224901,458.3443552521054,431.60453804167685,486.573255496435,3.2941043296153056,-23.445712880813204,31.523004573944938,1000
SLy,0.012060301507537688,455.0502509224901,458.43229603194305,431.8227386274726,486.9226775538393,3.3820451094529496,-23.227512295017522,31.872426631349246,1000
SLy,0.01236180904522613,455.0502509224901,458.56762066639027,431.73575736676366,487.11159632070127,3.5173697439001703,-23.31449355572643,32.0613453982112,1000
SLy,0.012663316582914572,455.0502509224901,458.6675882046698,431.5542241834291,487.5290056142598,3.617337282179715,-23.49602673906102,32.47875469176971,1000
SLy,0.012964824120603013,455.0502509224901,458.56030947036544,431.8936182261609,487.7826607270565,3.5100585478753477,-23.156632696329133,32.73240980456646,1000
SLy,0.013266331658291455,455.0502509224901,458.95353304508336,431.8759154062121,488.0979458034294,3.903282122593261,-23.174335516278003,33.04769488093936,1000
SLy,0.013567839195979897,455.0502509224901,459.11834813522484,432.0708743922948,488.3341146793647,4.068097212734779,-22.979376530195278,33.28386375687461,1000
SLy,0.01386934673366834,455.0502509224901,459.2227105933465,431.6199760687803,488.56159364476844,4.172459670856426,-23.430274853709783,33.51134272227838,1000
SLy,0.014170854271356783,455.0502509224901,459.5129886740721,431.73650374853355,488.68638879038923,4.4627377515820505,-23.313747173956504,33.63613786789917,1000
SLy,0.014472361809045224,455.0502509224901,459.56363350502943,431.8898182044969,488.9728958137047,4.51338258253934,-23.160432717993164,33.92264489121467,1000
SLy,0.014773869346733666,455.0502509224901,459.70003472782815,432.0996006344629,489.3334826793889,4.649783805338066,-22.950650288027212,34.2832317568988,1000
SLy,0.015075376884422108,455.0502509224901,459.8283989346268,432.1823177452143,489.6845462450875,4.778148012136746,-22.86793317727579,34.634295322597424,1000
SLy,0.015376884422110552,455.0502509224901,459.9006579878582,432.28896724191213,490.01364380322786,4.85040706536815,-22.761283680577957,34.96339288073776,1000
SLy,0.015678391959798994,455.0502509224901,460.08162677567327,432.0715362249615,490.34758694995986,5.031375853183174,-22.978714697528567,35.29733602746978,1000
SLy,0.015979899497487435,455.0502509224901,460.28693930686785,431.8794974074915,490.63290410933774,5.236688384377787,-23.170753514998605,35.58265318684768,1000
SLy,0.016281407035175877,455.0502509224901,460.3777938189775,432.03061619140374,490.7162446555923,5.32754289648745,-23.019634731086327,35.6659937331022,1000
SLy,0.01658291457286432,455.0502509224901,460.44818633060925,432.21726856824614,491.0289160216167,5.397935408119142,-22.832982354243942,35.97866509912662,1000
SLy,0.01688442211055276,455.0502509224901,460.5484870282588,432.46899699043325,491.36467419879574,5.498236105768715,-22.581253932056804,36.31442327630567,1000
SLy,0.017185929648241203,455.0502509224901,460.6983107054973,432.6149013334864,491.6719587149455,5.648059783007252,-22.43534958900371,36.621707792455396,1000
SLy,0.017487437185929645,455.0502509224901,460.8177352786179,432.62645243798045,491.7399435408551,5.767484356127788,-22.42379848450965,36.689692618365044,1000
SLy,0.01778894472361809,455.0502509224901,461.0651583643993,432.6374446782905,491.9067574786209,6.01490744190923,-22.412806244199615,36.856506556130824,1000
SLy,0.018090452261306532,455.0502509224901,461.1929831489518,432.6724003090342,492.13068355357564,6.14273222646168,-22.3778506134559,37.080432631085586,1000
SLy,0.018391959798994974,455.0502509224901,461.3755090113366,432.740345941669,492.34063486022495,6.325258088846501,-22.309904980821077,37.29038393773486,1000
SLy,0.018693467336683416,455.0502509224901,461.47156414972557,433.0131901884413,492.409710836898,6.4213132272355065,-22.037060734048787,37.3594599144079,1000
SLy,0.018994974874371857,455.0502509224901,461.6472789804453,433.0376209607148,492.73201647570306,6.597028057955251,-22.012629961775282,37.68176555321298,1000
SLy,0.0192964824120603,455.0502509224901,461.6728870566189,433.13282724876706,492.9737220511364,6.622636134128813,-21.917423673723,37.92347112864631,1000
SLy,0.01959798994974874,455.0502509224901,461.7904925274385,432.90475898545947,493.1813550753693,6.7402416049484195,-22.14549193703061,38.13110415287921,1000
SLy,0.019899497487437183,455.0502509224901,461.89940561661774,432.9407246085898,493.377697609132,6.849154694127646,-22.109526313900286,38.3274466866419,1000
SLy,0.020201005025125625,455.0502509224901,462.0787402894037,432.84171520279216,493.5694428860293,7.02848936691362,-22.208535719697938,38.51919196353924,1000
SLy,0.020502512562814067,455.0502509224901,462.3159579581183,432.80571078017886,493.8595684546062,7.265707035628219,-22.244540142311244,38.809317532116076,1000
SLy,0.02080402010050251,455.0502509224901,462.48209298579775,432.72110195476097,494.1286177918002,7.431842063307659,-22.32914896772912,39.07836686931012,1000
SLy,0.021105527638190954,455.0502509224901,462.62816259740634,433.0752044079048,494.4725826061061,7.5779116749162565,-21.9750465145853,39.42233168361599,1000
SLy,0.021407035175879396,455.0502509224901,462.76631797764486,433.34802329073113,494.79693858923576,7.716067055154786,-21.702227631758966,39.74668766674569,1000
SLy,0.021708542713567838,455.0502509224901,462.87894141727367,433.46139318984655,494.9865109294259,7.828690494783597,-21.588857732643536,39.93626000693581,1000
SLy,0.02201005025125628,455.0502509224901,463.0286725747858,433.5112614277877,495.2919759716474,7.978421652295726,-21.538989494702363,40.241725049157324,1000
SLy,0.02231155778894472,455.0502509224901,463.2406165906105,433.26984104501616,495.4428003346412,8.190365668120418,-21.780409877473897,40.392549412151126,1000
SLy,0.022613065326633163,455.0502509224901,463.5381515364228,433.25997086970654,495.5006923130572,8.48790061393273,-21.790280052783572,40.45044139056712,1000
SLy,0.022914572864321605,455.0502509224901,463.7377065481757,433.16018014554,495.59119396014546,8.687455625685647,-21.890070776950083,40.54094303765541,1000
SLy,0.023216080402010047,455.0502509224901,463.8903279066751,433.2918815729763,495.7998161127115,8.84007698418504,-21.758369349513774,40.749565190221404,1000
SLy,0.02351758793969849,455.0502509224901,464.0399749271762,433.14395097692824,496.03211686347123,8.989724004686146,-21.90629994556184,40.98186594098116,1000
SLy,0.02381909547738693,455.0502509224901,464.27728549885376,433.02635916581863,496.35616790648334,9.227034576363664,-22.023891756671446,41.30591698399327,1000
SLy,0.024120603015075376,455.0502509224901,464.4114510346576,433.12673609263015,496.83688875651126,9.361200112167522,-21.92351482985994,41.7866378340212,1000
SLy,0.024422110552763818,455.0502509224901,464.5094799756646,433.26018221519286,496.9941805807489,9.459229053174528,-21.790068707297237,41.94392965825884,1000
SLy,0.02472361809045226,455.0502509224901,464.6423941724842,433.234256038365,497.1348209857362,9.59214324999416,-21.815994884125075,42.08457006324613,1000
SLy,0.0250251256281407,455.0502509224901,464.584239904097,433.208577907059,497.2699276940486,9.533988981606914,-21.841673015431088,42.21967677155851,1000
SLy,0.025326633165829143,455.0502509224901,464.7059049106365,433.1369530075374,497.5351595348728,9.655653988146428,-21.913297914952707,42.484908612382696,1000
SLy,0.025628140703517585,455.0502509224901,464.7963862257717,433.16759297675264,497.7019696713569,9.7461353032816,-21.882657945737463,42.651718748866834,1000
SLy,0.025929648241206027,455.0502509224901,464.77311506905755,433.19093835592,497.94281811534546,9.722864146567492,-21.85931256657004,42.89256719285539,1000
SLy,0.02623115577889447,455.0502509224901,464.83331963618724,433.24293475456136,498.1314427032366,9.783068713697183,-21.8073161679287,43.0811917807465,1000
SLy,0.02653266331658291,455.0502509224901,464.8943540386982,433.23674166933534,498.2449551993553,9.844103116208153,-21.81350925315475,43.1947042768652,1000
SLy,0.026834170854271353,455.0502509224901,465.02717244443306,433.31292740101,498.3515953282696,9.976921521942987,-21.737323521480114,43.301344405779496,1000
SLy,0.027135678391959794,455.0502509224901,465.11289181170787,433.6837998908686,498.49323648645327,10.062640889217763,-21.366451031621466,43.44298556396316,1000
SLy,0.02743718592964824,455.0502509224901,465.2561624977344,433.88129095182086,498.8047990545564,10.205911575244345,-21.168959970669242,43.754548132066304,1000
SLy,0.02773869346733668,455.0502509224901,465.3909267890869,434.4046208611696,499.0624560677389,10.340675866596845,-20.645630061320507,44.01220514524882,1000
SLy,0.028040201005025123,455.0502509224901,465.5340372348333,434.6977083144835,499.0853117974335,10.483786312343227,-20.352542608006566,44.03506087494341,1000
SLy,0.028341708542713565,455.0502509224901,465.6219407288411,434.7312104321567,499.29972663752477,10.571689806351024,-20.3190404903334,44.24947571503468,1000
SLy,0.028643216080402007,455.0502509224901,465.6305071257112,434.82497684736984,499.5159053687317,10.58025620322108,-20.22527407512023,44.465654446241615,1000
SLy,0.02894472361809045,455.0502509224901,465.7338817436865,434.9146674893892,499.55661907691456,10.683630821196406,-20.13558343310085,44.506368154424464,1000
SLy,0.02924623115577889,455.0502509224901,465.9073767676549,434.8905945188391,499.6923724143308,10.857125845164823,-20.159656403650935,44.64212149184071,1000
SLy,0.029547738693467333,455.0502509224901,466.09459540583896,434.9001865819359,499.74973178493764,11.044344483348905,-20.15006434055419,44.69948086244756,1000
SLy,0.029849246231155774,455.0502509224901,466.24439711432916,434.9061652515088,499.79768849550277,11.194146191839057,-20.144085670981248,44.74743757301267,1000
SLy,0.030150753768844216,455.0502509224901,466.41815593117536,434.87124580834313,499.8362425460261,11.367905008685286,-20.17900511414694,44.78599162353603,1000
SLy,0.030452261306532658,455.0502509224901,466.43885537654137,434.99576555911824,499.8939901732558,11.388604454051276,-20.054485363371853,44.843739250765765,1000
SLy,0.030753768844221104,455.0502509224901,466.5381744810483,435.18875533506196,499.93829561910854,11.487923558558233,-19.8614955874281,44.888044696618465,1000
SLy,0.031055276381909545,455.0502509224901,466.56705333493545,435.30604766319743,499.9708029701349,11.516802412445385,-19.74420325929265,44.920552047644826,1000
SLy,0.03135678391959799,455.0502509224901,466.5636794793264,435.6211846119664,500.2930046409702,11.513428556836345,-19.429066310523673,45.2427537184801,1000
SLy,0.03165829145728643,455.0502509224901,466.7137685453672,435.8730007044581,500.36574637756684,11.66351762287713,-19.177250218032,45.315495455076764,1000
SLy,0.03195979899497487,455.0502509224901,466.96263401340354,435.86300148274745,500.4207163727572,11.912383090913437,-19.187249439742605,45.37046545026716,1000
SLy,0.03226130653266331,455.0502509224901,467.1594806607486,436.26694928687454,500.58868963262285,12.10922973825851,-18.78330163561553,45.53843871013278,1000
SLy,0.032562814070351755,455.0502509224901,467.3279390704307,436.65585663485064,500.8759631599047,12.277688147940642,-18.39439428763942,45.82571223741459,1000
SLy,0.032864321608040196,455.0502509224901,467.4278868687601,436.7579474306552,501.06242387468205,12.377635946270031,-18.292303491834886,46.01217295219199,1000
SLy,0.03316582914572864,455.0502509224901,467.636405049235,436.8014574028339,501.0260098711253,12.586154126744937,-18.248793519656193,45.97575894863525,1000
SLy,0.03346733668341708,455.0502509224901,467.7092148070047,437.0795456156611,501.2536862385462,12.658963884514622,-17.970705306828947,46.203435316056115,1000
SLy,0.03376884422110552,455.0502509224901,467.84141969007453,437.26185654638897,501.1264097878246,12.791168767584445,-17.788394376101106,46.07615886533456,1000
SLy,0.034070351758793964,455.0502509224901,467.94116330075406,437.3148256410379,500.7205026856077,12.890912378263998,-17.735425281452216,45.67025176311761,1000
SLy,0.034371859296482406,455.0502509224901,467.94938923008647,437.37617449985044,500.8554358399516,12.899138307596377,-17.67407642263963,45.80518491746155,1000
SLy,0.03467336683417085,455.0502509224901,467.91988057866104,437.6581941749936,501.1356678317713,12.869629656170943,-17.39205674749649,46.085416909281214,1000
SLy,0.03497487437185929,455.0502509224901,467.9750129868799,437.85344737862187,501.4119120257915,12.92476206438981,-17.196803543868196,46.36166110330142,1000
SLy,0.03527638190954773,455.0502509224901,468.04793455220414,437.98220347248923,501.41517424616313,12.997683629714073,-17.06804745000084,46.36492332367303,1000
SLy,0.03557788944723618,455.0502509224901,468.3634833418236,438.11200285451406,501.2721603382853,13.31323241933353,-16.938248067976044,46.22190941579519,1000
SLy,0.03587939698492462,455.0502509224901,468.4745483205515,438.25095540277727,501.3689874042445,13.424297398061405,-16.79929551971283,46.31873648175442,1000
SLy,0.036180904522613064,455.0502509224901,468.64864586465285,438.4165271258544,501.5020833832458,13.598394942162761,-16.633723796635703,46.451832460755746,1000
SLy,0.036482412060301506,455.0502509224901,468.88777331273474,438.7555237315078,501.6224814047612,13.837522390244663,-16.294727190982247,46.57223048227109,1000
SLy,0.03678391959798995,455.0502509224901,469.21794136718427,439.17448529878715,501.5416098208456,14.167690444694193,-15.875765623702941,46.49135889835554,1000
SLy,0.03708542713567839,455.0502509224901,469.3975291753741,439.38154084045084,501.6098308234739,14.347278252884,-15.668710082039265,46.55957990098383,1000
SLy,0.03738693467336683,455.0502509224901,469.7136539490326,439.602815358645,501.6708650386739,14.663403026542522,-15.447435563845119,46.620614116183816,1000
SLy,0.03768844221105527,455.0502509224901,469.7769226034315,439.86711041897246,501.72471246644557,14.726671680941424,-15.183140503517608,46.6744615439555,1000
SLy,0.037989949748743715,455.0502509224901,469.77980077258394,440.03749696641523,501.7446599358551,14.729549850093873,-15.012753956074862,46.69440901336506,1000
SLy,0.03829145728643216,455.0502509224901,469.92104832887406,440.27851394580784,501.6156062868884,14.870797406383975,-14.771736976682226,46.56535536439832,1000
SLy,0.0385929648241206,455.0502509224901,469.9865084546491,440.5392042365815,501.72545094546024,14.936257532159015,-14.511046685908559,46.67520002297013,1000
SLy,0.03889447236180904,455.0502509224901,470.1588600507412,440.7861910630107,501.8553856202323,15.10860912825115,-14.264059859479385,46.80513469774223,1000
SLy,0.03919597989949748,455.0502509224901,470.3276279453022,441.2160010674094,501.87401580711975,15.277377022812107,-13.834249855080659,46.823764884629654,1000
SLy,0.039497487437185924,455.0502509224901,470.57691178106137,441.7388096350641,501.9242383076057,15.526660858571294,-13.311441287425975,46.873987385115655,1000
SLy,0.039798994974874366,455.0502509224901,470.74210412262215,441.6672016380732,502.00846262665436,15.691853200132098,-13.383049284416845,46.9582117041643,1000
SLy,0.04010050251256281,455.0502509224901,471.05287308877416,441.9135378316247,502.0795077244752,16.00262216628411,-13.136713090865394,47.02925680198513,1000
SLy,0.04040201005025125,455.0502509224901,471.1116967019344,442.2583830687886,502.13882477913376,16.06144577944435,-12.791867853701486,47.08857385664367,1000
SLy,0.04070351758793969,455.0502509224901,471.2810744548544,442.6114044558476,502.11376225213127,16.230823532364322,-12.438846466642497,47.06351132964117,1000
SLy,0.04100502512562813,455.0502509224901,471.534168597837,443.1168086787124,501.97897623472795,16.48391767534688,-11.933442243777675,46.92872531223787,1000
SLy,0.041306532663316575,455.0502509224901,471.65784541382277,443.4077654410888,502.27290585087536,16.607594491332698,-11.642485481401264,47.22265492838528,1000
SLy,0.04160804020100502,455.0502509224901,471.953465304682,444.0754947084358,501.9518697027279,16.903214382191976,-10.974756214054281,46.901618780237804,1000
SLy,0.041909547738693466,455.0502509224901,472.1600559094749,444.13499750685065,501.7008419634375,17.10980498698484,-10.915253415639443,46.65059104094741,1000
SLy,0.04221105527638191,455.0502509224901,472.1370893080925,444.47265093513215,501.5738893533557,17.086838385602423,-10.577599987357956,46.52363843086561,1000
SLy,0.04251256281407035,455.0502509224901,472.2897883249665,444.6304225815822,501.57042839957836,17.239537402476383,-10.419828340907891,46.52017747708827,1000
SLy,0.04281407035175879,455.0502509224901,472.5692788750291,444.8540200238266,501.572520005694,17.51902795253906,-10.196230898663515,46.52226908320393,1000
SLy,0.04311557788944723,455.0502509224901,472.7659792469635,445.18002395802256,501.59265241724324,17.715728324473474,-9.870226964467532,46.54240149475318,1000
SLy,0.043417085427135675,455.0502509224901,472.9492709346858,445.23043848953824,501.540818294836,17.899020012195702,-9.819812432951824,46.490567372345915,1000
SLy,0.04371859296482412,455.0502509224901,473.15176527796575,445.6041872571213,501.7190716533523,18.101514355475683,-9.446063665368813,46.668820730862215,1000
SLy,0.04402010050251256,455.0502509224901,473.07083792892,445.8159769855252,501.6352037720598,18.020587006429963,-9.23427393696489,46.58495284956972,1000
SLy,0.044321608040201,455.0502509224901,473.1354092516633,446.1763352590243,501.8482636390151,18.085158329173236,-8.873915663465757,46.79801271652503,1000
SLy,0.04462311557788944,455.0502509224901,473.2722401661363,446.226181455858,502.23432853308634,18.22198924364625,-8.82406946663209,47.18407761059625,1000
SLy,0.044924623115577884,455.0502509224901,473.378471138056,446.30666071923446,502.14134738170117,18.328220215565935,-8.743590203255625,47.09109645921111,1000
SLy,0.045226130653266326,455.0502509224901,473.6031442352659,446.3618050546736,502.00174886495194,18.552893312775822,-8.688445867816505,46.951497942461835,1000
SLy,0.04552763819095477,455.0502509224901,473.67081621180114,446.17671802202466,501.89898457329383,18.620565289311045,-8.87353290046544,46.848733650803766,1000
SLy,0.04582914572864321,455.0502509224901,473.6888226454329,446.29309251281524,501.5584088101165,18.638571722942824,-8.757158409674817,46.508157887626375,1000
SLy,0.04613065326633165,455.0502509224901,473.7354599812375,446.1899375512245,501.3345425708403,18.685209058747454,-8.86031337126558,46.28429164835025,1000
SLy,0.046432160804020094,455.0502509224901,474.0244917717899,446.28047790677306,501.1593071380526,18.974240849299797,-8.769773015717034,46.109056215562546,1000
SLy,0.046733668341708536,455.0502509224901,474.2130224832316,446.126424127665,500.9582163618692,19.16277156074152,-8.923826794825047,45.90796543937908,1000
SLy,0.04703517587939698,455.0502509224901,474.383834214188,446.69731863238417,501.0442259298077,19.333583291697952,-8.35293229010594,45.993975007317616,1000
SLy,0.04733668341708542,455.0502509224901,474.55010828909155,446.82881989620444,501.1007976491395,19.49985736660146,-8.221431026285655,46.05054672664942,1000
SLy,0.04763819095477386,455.0502509224901,474.6259699218157,446.8694158750013,501.3367772831204,19.575718999325574,-8.180835047488737,46.286526360630305,1000
SLy,0.0479396984924623,455.0502509224901,474.8286420756695,446.94041333972723,501.4186935984028,19.778391153179427,-8.109837582762824,46.368442675912696,1000
SLy,0.04824120603015075,455.0502509224901,475.14241054605543,447.02948721540656,501.75907144820434,20.09215962356534,-8.020763707083518,46.70882052571426,1000
SLy,0.048542713567839194,455.0502509224901,475.0620085292745,446.8383874652057,502.1336423886732,20.01175760678445,-8.211863457284398,47.08339146618314,1000
SLy,0.048844221105527635,455.0502509224901,475.0476017575213,446.861564868179,502.14324064625686,19.997350835031213,-8.188686054311054,47.092989723766784,1000
SLy,0.04914572864321608,455.0502509224901,475.1937603692556,447.1694801512929,502.3995217263556,20.143509446765506,-7.880770771197233,47.349270803865515,1000
SLy,0.04944723618090452,455.0502509224901,475.25149512995546,447.43417480671843,502.4520517220631,20.201244207465376,-7.616076115771635,47.40180079957305,1000
SLy,0.04974874371859296,455.0502509224901,475.4642053581989,447.435138039422,502.9460196354133,20.413954435708842,-7.615112883068072,47.89576871292322,1000
SLy,0.0500502512562814,455.0502509224901,475.62938447139004,447.4494407758196,503.2311954190918,20.57913354889996,-7.600810146670462,48.18094449660173,1000
SLy,0.050351758793969845,455.0502509224901,475.86970611982593,447.9026287844366,503.1685590160149,20.81945519733585,-7.147622138053489,48.11830809352484,1000
SLy,0.050653266331658287,455.0502509224901,476.16540604735593,447.77255095499635,503.4583945459624,21.115155124865858,-7.277699967493743,48.40814362347231,1000
SLy,0.05095477386934673,455.0502509224901,476.32855379707973,447.7106110227468,503.91346485445945,21.278302874589635,-7.33963989974332,48.86321393196934,1000
SLy,0.05125628140703517,455.0502509224901,476.28694809625006,447.54284242445317,503.75041214302604,21.23669717375995,-7.507408498036898,48.70016122053597,1000
SLy,0.05155778894472361,455.0502509224901,476.3935164293519,447.69929203220755,503.84599230420423,21.343265506861837,-7.350958890282503,48.795741381714166,1000
SLy,0.051859296482412054,455.0502509224901,476.7479255054871,447.71460901302106,504.5953253076686,21.697674582997003,-7.335641909469029,49.54507438517849,1000
SLy,0.052160804020100496,455.0502509224901,476.83457268184526,447.8931963280532,504.7503068907864,21.78432175935518,-7.157054594436881,49.70005596829637,1000
SLy,0.05246231155778894,455.0502509224901,476.95240314355544,448.1555722969121,504.6667063891354,21.902152221065364,-6.894678625577956,49.616455466645334,1000
SLy,0.05276381909547738,455.0502509224901,477.00068050103414,447.88419293271846,504.89178510909284,21.95042957854407,-7.166057989771632,49.84153418660275,1000
SLy,0.05306532663316582,455.0502509224901,477.007474191592,447.6180245475325,505.0751544899202,21.957223269101945,-7.432226374957547,50.02490356743011,1000
SLy,0.05336683417085426,455.0502509224901,477.02940194676205,447.6401773759713,505.08900972288166,21.97915102427197,-7.410073546518804,50.03875880039157,1000
SLy,0.053668341708542705,455.0502509224901,477.2381701270075,447.4278485773421,505.8994042220917,22.18791920451742,-7.622402345147997,50.8491532996016,1000
SLy,0.05396984924623115,455.0502509224901,476.9924355441147,447.646406050066,506.7611872616645,21.942184621624627,-7.403844872424112,51.710936339174374,1000
SLy,0.05427135678391959,455.0502509224901,477.0182462243853,447.6808163877667,507.50841223241696,21.967995301895215,-7.369434534723398,52.45816130992689,1000
SLy,0.05457286432160803,455.0502509224901,477.0006014218671,447.58889774692335,508.16763868528363,21.950350499377002,-7.461353175566739,53.11738776279357,1000
SLy,0.05487437185929648,455.0502509224901,477.2340045257305,447.42739392906043,508.7337792162237,22.18375360324039,-7.622856993429675,53.68352829373361,1000
SLy,0.05517587939698492,455.0502509224901,477.57996196926393,447.0908240533801,509.4124896328053,22.529711046773876,-7.959426869109938,54.36223871031525,1000
SLy,0.05547738693467336,455.0502509224901,477.71302757563205,446.6396259501441,510.46841016225665,22.662776653141982,-8.410624972346007,55.418159239766545,1000
SLy,0.055778894472361805,455.0502509224901,477.8084338364124,445.6229931636857,511.38433743947905,22.758182913922326,-9.427257758804377,56.334086516989,1000
SLy,0.05608040201005025,455.0502509224901,478.0897242240795,445.48153630978277,511.9758136153265,23.039473301589418,-9.568714612707312,56.9255626928364,1000
SLy,0.05638190954773869,455.0502509224901,478.4311953570069,444.6760876414097,512.7684461435272,23.38094443451685,-10.37416328108037,57.71819522103714,1000
SLy,0.05668341708542713,455.0502509224901,478.67895952592676,444.03212342229705,513.6166314776746,23.6287086034367,-11.01812750019301,58.56638055518448,1000
SLy,0.05698492462311557,455.0502509224901,478.856405665908,443.7611744645639,514.1477095259502,23.80615474341794,-11.289076457926154,59.09745860346008,1000
SLy,0.057286432160804014,455.0502509224901,478.9602212743638,443.1309715978454,514.6300390437369,23.909970351873717,-11.919279324644645,59.57978812124683,1000
SLy,0.057587939698492456,455.0502509224901,478.8735599761179,442.8229642067345,515.2431144345943,23.823309053627828,-12.227286715755552,60.19286351210424,1000
SLy,0.0578894472361809,455.0502509224901,479.0211527936024,442.5171253558654,515.862807424116,23.970901871112368,-12.53312556662468,60.81255650162588,1000
SLy,0.05819095477386934,455.0502509224901,479.2719080677598,442.22127102998286,517.3474654457684,24.221657145269717,-12.828979892507196,62.2972145232784,1000
SLy,0.05849246231155778,455.0502509224901,479.47422970069016,441.7760849701012,518.2808223336174,24.423978778200063,-13.274165952388895,63.23057141112725,1000
SLy,0.05879396984924622,455.0502509224901,480.0375129831622,441.1832081405621,519.210213633547,24.98726206067208,-13.867042781927982,64.15996271105692,1000
SLy,0.059095477386934665,455.0502509224901,480.4249690877027,440.4179764395166,520.147175819013,25.374718165212634,-14.632274482973443,65.09692489652296,1000
SLy,0.05939698492462311,455.0502509224901,480.3782113045171,439.60468788428506,521.090995378355,25.32796038202701,-15.445563038205007,66.04074445586494,1000
SLy,0.05969849246231155,455.0502509224901,480.55718737868204,439.01219736681765,521.9366645291435,25.50693645619196,-16.03805355567241,66.88641360665342,1000
SLy,0.06,455.0502509224901,480.69193953064166,437.89423472860966,522.3047178345831,25.641688608151558,-17.156016193880422,67.25446691209308,1000
AP4,0.0,540.1196408002265,540.336686136665,494.22310505266466,586.1004713284801,0.21704533643847146,-45.896535747561884,45.98083052825355,1000
AP4,0.0003015075376884422,540.1196408002265,539.4721657701435,494.0351489056154,584.6449715681533,-0.6474750300830107,-46.08449189461113,44.52533076792676,1000
AP4,0.0006030150753768844,540.1196408002265,538.6841238228569,493.71522535292564,582.4131204074008,-1.435516977369601,-46.404415447300906,42.29347960717433,1000
AP4,0.0009045226130653265,540.1196408002265,538.1498076186533,493.4822652890502,580.5145511474891,-1.9698331815732568,-46.637375511176344,40.3949103472626,1000
AP4,0.0012060301507537687,540.1196408002265,537.5817371504256,493.34438049336984,578.9828404149549,-2.5379036498009473,-46.7752603068567,38.86319961472834,1000
AP4,0.001507537688442211,540.1196408002265,536.6603584259967,493.22850962910894,577.8627975480218,-3.459282374229831,-46.8911311711176,37.74315674779525,1000
AP4,0.001809045226130653,540.1196408002265,536.1395523343932,493.575864487351,576.41366040434,-3.9800884658332754,-46.54377631287554,36.29401960411354,1000
AP4,0.002110552763819095,540.1196408002265,535.6399126361407,493.55375730462515,574.8418531183752,-4.479728164085808,-46.56588349560136,34.72221231814868,1000
AP4,0.0024120603015075374,540.1196408002265,534.864204937562,493.51417254760213,573.801336063171,-5.2554358626644975,-46.605468252624384,33.68169526294451,1000
AP4,0.0027135678391959797,540.1196408002265,534.1091585363388,493.4664502186104,572.7750962993352,-6.0104822638877184,-46.6531905816161,32.65545549910868,1000
AP4,0.003015075376884422,540.1196408002265,533.265832362945,492.94932181937725,571.2523820323486,-6.853808437281436,-47.17031898084928,31.132741232122093,1000
AP4,0.003316582914572864,540.1196408002265,532.5331848397643,492.97252967636166,570.3686086293251,-7.586455960462204,-47.147111123864896,30.2489678290986,1000
AP4,0.003618090452261306,540.1196408002265,531.7394679857244,493.2258423602379,569.0649277180734,-8.380172814502096,-46.89379843998866,28.945286917846854,1000
AP4,0.003919597989949748,540.1196408002265,530.9137943148065,493.2635073091649,567.9475959487993,-9.205846485420038,-46.85613349106164,27.827955148572766,1000
AP4,0.00422110552763819,540.1196408002265,530.0972618608752,493.3622125866164,566.6467656287775,-10.022378939351348,-46.75742821361015,26.527124828551035,1000
AP4,0.004522613065326633,540.1196408002265,529.3487835671697,493.10270218035873,565.5595982341154,-10.770857233056901,-47.01693861986777,25.439957433888807,1000
AP4,0.004824120603015075,540.1196408002265,528.6181260916846,492.4996396565562,563.8257670553387,-11.501514708541887,-47.620001143670336,23.706126255112157,1000
AP4,0.005125628140703517,540.1196408002265,528.0215385412243,492.09995209639806,562.5516560882133,-12.098102259002209,-48.0196887038285,22.432015287986815,1000
AP4,0.005427135678391959,540.1196408002265,527.3316008283712,491.9630666013286,561.3830644957684,-12.788039971855357,-48.15657419889792,21.263423695541853,1000
AP4,0.005728643216080401,540.1196408002265,526.698718553303,491.69097256508513,560.3311008551516,-13.420922246923524,-48.42866823514141,20.211460054925052,1000
AP4,0.006030150753768844,540.1196408002265,526.0463096812754,491.4517581532954,559.2392845380673,-14.07333111895117,-48.667882646931176,19.11964373784078,1000
AP4,0.006331658291457286,540.1196408002265,525.35987297784,491.129607192929,558.1865701943603,-14.7597678223865,-48.99003360729756,18.06692939413378,1000
AP4,0.006633165829145728,540.1196408002265,524.6275056411685,490.5576283594486,557.2177852057713,-15.492135159058066,-49.56201244077796,17.09814440554475,1000
AP4,0.00693467336683417,540.1196408002265,523.9757572805546,489.7296788370706,556.2270621686837,-16.14388351967193,-50.38996196315592,16.107421368457153,1000
AP4,0.007236180904522612,540.1196408002265,523.3031331511265,488.90916964917835,555.1886249826853,-16.816507649100018,-51.2104711510482,15.068984182458763,1000
AP4,0.007537688442211054,540.1196408002265,522.7008445642189,488.4110265307462,553.9978226972289,-17.418796236007715,-51.70861426948035,13.878181897002333,1000
AP4,0.007839195979899497,540.1196408002265,521.770823619754,488.1388992546023,552.960441153188,-18.34881718047255,-51.98074154562423,12.840800352961418,1000
AP4,0.008140703517587939,540.1196408002265,521.0491645178415,487.75911062686686,552.0108910213892,-19.07047628238498,-52.36053017335967,11.891250221162583,1000
AP4,0.00844221105527638,540.1196408002265,520.4920346752317,487.50636302694915,550.9809891805609,-19.627606124994823,-52.61327777327739,10.861348380334286,1000
AP4,0.008743718592964822,540.1196408002265,519.8672190386345,487.10693936984273,549.9449037710824,-20.25242176159199,-53.01270143038383,9.825262970855851,1000
AP4,0.009045226130653266,540.1196408002265,518.9826443974854,486.46487165908417,548.9233381496136,-21.136996402741097,-53.654769141142374,8.803697349387079,1000
AP4,0.009346733668341708,540.1196408002265,518.1998382001813,486.150687407154,547.7810310846213,-21.91980260004528,-53.96895339307253,7.661390284394799,1000
AP4,0.00964824120603015,540.1196408002265,517.377078323167,485.78806060225224,546.8984484781967,-22.74256247705954,-54.33158019797428,6.778807677970103,1000
AP4,0.009949748743718591,540.1196408002265,516.7410974145141,485.3373190518712,545.7264551159094,-23.378543385712398,-54.78232174835533,5.606814315682864,1000
AP4,0.010251256281407033,540.1196408002265,515.8330854683053,484.7964717041233,544.702483613208,-24.2865553319213,-55.32316909610326,4.582842812981384,1000
AP4,0.010552763819095477,540.1196408002265,514.9657198035165,484.33734339401906,544.077395578031,-25.153920996710035,-55.78229740620748,3.9577547778044906,1000
AP4,0.010854271356783919,540.1196408002265,514.2355133689242,483.7680578262801,543.1238543073072,-25.884127431302296,-56.351582973946435,3.0042135070806046,1000
AP4,0.01115577889447236,540.1196408002265,513.5498774025551,483.08922556469236,542.1894680905212,-26.569763397671437,-57.03041523553419,2.069827290294656,1000
AP4,0.011457286432160802,540.1196408002265,513.064784228225,482.332499858605,541.7655824742367,-27.054856572001533,-57.78714094162152,1.645941674010166,1000
AP4,0.011758793969849244,540.1196408002265,512.3050098460351,482.04790924917756,541.1323860705128,-27.814630954191486,-58.07173155104894,1.0127452702862088,1000
AP4,0.012060301507537688,540.1196408002265,511.54637647195705,481.4835653276158,540.3380229074538,-28.57326432826948,-58.636075472610734,0.2183821072273026,1000
AP4,0.01236180904522613,540.1196408002265,510.83838468532946,480.9334992504543,539.2784646892339,-29.281256114897072,-59.18614154977221,-0.8411761109925974,1000
AP4,0.012663316582914572,540.1196408002265,509.9764148159042,480.4607868792179,538.0637274242284,-30.143225984322314,-59.658853921008635,-2.055913375998096,1000
AP4,0.012964824120603013,540.1196408002265,509.3081166296729,479.9886184080561,537.2000728702575,-30.81152417055364,-60.13102239217045,-2.9195679299690056,1000
AP4,0.013266331658291455,540.1196408002265,508.585509290666,479.26377834568297,536.617948039046,-31.534131509560552,-60.85586245454357,-3.5016927611805055,1000
AP4,0.013567839195979897,540.1196408002265,508.0671722736567,478.4246926916765,535.5581677757938,-32.052468526569854,-61.69494810855,-4.561473024432812,1000
AP4,0.01386934673366834,540.1196408002265,507.4112693366622,477.3309424429457,535.12028025935,-32.70837146356435,-62.78869835728085,-4.999360540876568,1000
AP4,0.014170854271356783,540.1196408002265,506.7472525726964,476.64315552644973,534.3218719631805,-33.372388227530095,-63.47648527377681,-5.797768837046039,1000
AP4,0.014472361809045224,540.1196408002265,505.8620044162725,475.79349580981324,533.6846442399939,-34.257636383954065,-64.32614499041331,-6.434996560232619,1000
AP4,0.014773869346733666,540.1196408002265,505.2121521340014,475.03727212627246,533.0147376614285,-34.907488666225106,-65.08236867395406,-7.104903138798048,1000
AP4,0.015075376884422108,540.1196408002265,504.50186775782123,474.25748608164577,532.1734487711434,-35.61777304240532,-65.8621547185808,-7.94619202908315,1000
AP4,0.015376884422110552,540.1196408002265,503.75781188411554,473.5354944842029,531.546889336288,-36.361828916111,-66.58414631602362,-8.572751463938568,1000
AP4,0.015678391959798994,540.1196408002265,503.0863289184327,472.7936042929183,531.234993582265,-37.03331188179385,-67.3260365073082,-8.884647217961486,1000
AP4,0.015979899497487435,540.1196408002265,502.37998676978987,472.1269451832155,530.5139479944045,-37.7396540304367,-67.99269561701101,-9.605692805822038,1000
AP4,0.016281407035175877,540.1196408002265,501.72270086747807,471.4382556131323,529.7957355712093,-38.396939932748474,-68.68138518709425,-10.3239052290172,1000
AP4,0.01658291457286432,540.1196408002265,501.11332545447203,470.79750075947914,529.2568133322831,-39.00631534575449,-69.32214004074741,-10.862827467943477,1000
AP4,0.01688442211055276,540.1196408002265,500.35123137285996,470.24355138302553,528.7643665110872,-39.76840942736659,-69.87608941720102,-11.355274289139302,1000
AP4,0.017185929648241203,540.1196408002265,499.4654304505939,469.37505516569206,528.4256521698369,-40.65421034963268,-70.74458563453447,-11.69398863038965,1000
AP4,0.017487437185929645,540.1196408002265,498.79359743273415,468.33955490709326,527.8691386657966,-41.32604336749236,-71.78008589313329,-12.2505021344299,1000
AP4,0.01778894472361809,540.1196408002265,498.0989285964336,467.5856281258422,526.9231648930541,-42.020712203792925,-72.53401267438433,-13.196475907172374,1000
AP4,0.018090452261306532,540.1196408002265,497.4436014040195,466.76627401572034,526.2870853627969,-42.67603939620703,-73.35336678450622,-13.832555437429619,1000
AP4,0.018391959798994974,540.1196408002265,496.6547977260777,465.91446706601556,525.6465731783675,-43.464843074148845,-74.20517373421099,-14.473067621859034,1000
AP4,0.018693467336683416,540.1196408002265,495.9609554725279,465.1639087868568,525.0327526070602,-44.15868532769862,-74.95573201336974,-15.086888193166335,1000
AP4,0.018994974874371857,540.1196408002265,495.19525903643523,464.39209178567455,524.4869395374725,-44.92438176379129,-75.72754901455197,-15.63270126275404,1000
AP4,0.0192964824120603,540.1196408002265,494.4744830697684,463.6337524022146,523.8291628741703,-45.645157730458145,-76.48588839801194,-16.290477926056234,1000
AP4,0.01959798994974874,540.1196408002265,493.699593953287,462.5656852340121,523.0372373956714,-46.420046846939556,-77.55395556621441,-17.082403404555183,1000
AP4,0.019899497487437183,540.1196408002265,492.92126182649343,461.9867220294939,522.3750878288874,-47.198378973733114,-78.13291877073269,-17.744552971339104,1000
AP4,0.020201005025125625,540.1196408002265,492.19348698200315,461.21675799269576,521.6919724877315,-47.9261538182234,-78.90288280753077,-18.427668312495076,1000
AP4,0.020502512562814067,540.1196408002265,491.4260825182332,460.12124543458935,521.0151276302458,-48.693558281993326,-79.99839536563715,-19.104513169980716,1000
AP4,0.02080402010050251,540.1196408002265,490.8250890078934,459.3249221025442,520.3413268335372,-49.294551792333166,-80.79471869768233,-19.778313966689353,1000
AP4,0.021105527638190954,540.1196408002265,490.0815464060107,458.72351940365814,519.6324869120588,-50.03809439421584,-81.3961213965684,-20.48715388816781,1000
AP4,0.021407035175879396,540.1196408002265,489.3505326101621,458.041377185188,518.9784892796222,-50.76910819006443,-82.07826361503854,-21.14115152060433,1000
AP4,0.021708542713567838,540.1196408002265,488.48428885623787,457.0914190239284,518.3206186010854,-51.63535194398864,-83.02822177629817,-21.799022199141184,1000
AP4,0.02201005025125628,540.1196408002265,487.7833947664727,456.35645930769937,517.7019927692971,-52.33624603375384,-83.76318149252717,-22.41764803092935,1000
AP4,0.02231155778894472,540.1196408002265,487.13731693198986,455.6499094488007,517.0516908377032,-52.982323868236676,-84.46973135142582,-23.067949962523333,1000
AP4,0.022613065326633163,540.1196408002265,486.4274670621405,454.8990114476979,516.3886691567642,-53.69217373808604,-85.22062935252865,-23.7309716434623,1000
AP4,0.022914572864321605,540.1196408002265,485.8634413528653,454.17630573174495,515.7166332619178,-54.256199447361226,-85.94333506848162,-24.403007538308795,1000
AP4,0.023216080402010047,540.1196408002265,485.1059453737868,453.2961355251933,515.0396350630027,-55.01369542643972,-86.82350527503326,-25.080005737223804,1000
AP4,0.02351758793969849,540.1196408002265,484.37755221640214,452.43836462957745,514.3767477790441,-55.74208858382437,-87.68127617064907,-25.74289302118248,1000
AP4,0.02381909547738693,540.1196408002265,483.68804390858304,451.63693484775354,513.8276322244195,-56.43159689164351,-88.482705952473,-26.292008575807035,1000
AP4,0.024120603015075376,540.1196408002265,482.97969570443206,450.6560085668046,513.3267596079902,-57.13994509579446,-89.46363223342196,-26.792881192236358,1000
AP4,0.024422110552763818,540.1196408002265,482.2334486327379,449.7073201359921,512.6325447732019,-57.886192167488595,-90.41232066423443,-27.487096027024712,1000
AP4,0.02472361809045226,540.1196408002265,481.39375322025495,449.00065444222946,512.1704516164956,-58.72588757997159,-91.11898635799709,-27.949189183730944,1000
AP4,0.0250251256281407,540.1196408002265,480.4771235229075,448.3705971984747,511.49209171579344,-59.64251727731906,-91.74904360175184,-28.627549084433113,1000
AP4,0.025326633165829143,540.1196408002265,479.7552096730887,447.740514898534,511.02777101283846,-60.36443112713782,-92.37912590169253,-29.091869787388063,1000
AP4,0.025628140703517585,540.1196408002265,478.8874792365466,447.1146310151287,510.33365954432384,-61.23216156367994,-93.00500978509788,-29.7859812559027,1000
AP4,0.025929648241206027,540.1196408002265,478.0874035657246,446.41816767778846,509.454606102509,-62.03223723450192,-93.70147312243806,-30.665034697717555,1000
AP4,0.02623115577889447,540.1196408002265,477.28245710631177,445.56035733769903,508.71210799099754,-62.83718369391474,-94.55928346252752,-31.407532809228968,1000
AP4,0.02653266331658291,540.1196408002265,476.53483958936783,444.9481564400215,507.97147034173724,-63.58480121085867,-95.17148436020507,-32.14817045848926,1000
AP4,0.026834170854271353,540.1196408002265,475.7870701691927,444.43470788762727,507.45085945084617,-64.3325706310338,-95.68493291259925,-32.66878134938035,1000
AP4,0.027135678391959794,540.1196408002265,474.9719735702532,443.61748232630333,506.9230733010443,-65.14766722997334,-96.50215847392322,-33.1965674991822,1000
AP4,0.02743718592964824,540.1196408002265,474.1348425655707,442.8073532887742,506.26458032254027,-65.98479823465587,-97.31228751145233,-33.855060477686294,1000
AP4,0.02773869346733668,540.1196408002265,473.3022543794849,442.0931172948047,505.56130679104865,-66.8173864207416,-98.02652350542182,-34.55833400917789,1000
AP4,0.028040201005025123,540.1196408002265,472.57576259484586,441.4244725371486,504.8503231577138,-67.54387820538065,-98.69516826307796,-35.269317642512775,1000
AP4,0.028341708542713565,540.1196408002265,471.83281594830765,440.64233587004463,504.1237292046313,-68.28682485191888,-99.47730493018192,-35.99591159559527,1000
AP4,0.028643216080402007,540.1196408002265,471.01688229976,440.00727752055496,503.70779700347725,-69.1027585004665,-100.11236327967158,-36.41184379674927,1000
AP4,0.02894472361809045,540.1196408002265,470.30898530241615,439.19923852002717,503.1201516577572,-69.81065549781037,-100.92040228019937,-36.99948914246932,1000
AP4,0.02924623115577889,540.1196408002265,469.55434999040585,438.2539220559022,502.36484688874737,-70.5652908098207,-101.86571874432435,-37.75479391147918,1000
AP4,0.029547738693467333,540.1196408002265,468.7287779925749,437.7398493172128,501.6052648679905,-71.39086280765162,-102.37979148301375,-38.51437593223601,1000
AP4,0.029849246231155774,540.1196408002265,468.0190279931792,437.06620317324325,500.96154169962256,-72.10061280704738,-103.05343762698325,-39.15809910060397,1000
AP4,0.030150753768844216,540.1196408002265,467.2998328166714,436.0649599036613,500.21314624315175,-72.81980798355512,-104.05468089656524,-39.90649455707475,1000
AP4,0.030452261306532658,540.1196408002265,466.68948208324434,435.06977383977136,499.3008552952383,-73.43015871698216,-105.04986696045518,-40.818785504988256,1000
AP4,0.030753768844221104,540.1196408002265,466.1181273843042,434.2955370354536,498.67979591473215,-74.00151341592235,-105.82410376477291,-41.439844885494395,1000
AP4,0.031055276381909545,540.1196408002265,465.4464722569654,433.57027392368315,497.95974091788156,-74.67316854326108,-106.5493668765434,-42.15989988234499,1000
AP4,0.03135678391959799,540.1196408002265,464.76327443470166,432.84132252599227,497.32386068847376,-75.3563663655249,-107.27831827423428,-42.7957801117528,1000
AP4,0.03165829145728643,540.1196408002265,464.00252611561706,432.1167218261313,496.4937260941117,-76.11711468460948,-108.00291897409522,-43.625914706114855,1000
AP4,0.03195979899497487,540.1196408002265,463.1926651067743,431.3996444344926,495.84576815827234,-76.92697569345223,-108.71999636573395,-44.27387264195421,1000
AP4,0.03226130653266331,540.1196408002265,462.41856401015923,430.6900903510761,495.04432878296745,-77.70107679006733,-109.42955044915044,-45.07531201725905,1000
AP4,0.032562814070351755,540.1196408002265,461.7863611933599,429.8169762148112,494.2345892683175,-78.33327960686665,-110.30266458541537,-45.885051531909035,1000
AP4,0.032864321608040196,540.1196408002265,461.0495942645197,428.9498148978552,493.61407291144644,-79.07004653570681,-111.1698259023713,-46.505567888780064,1000
AP4,0.03316582914572864,540.1196408002265,460.3506673355211,428.4416306123038,492.9923591933299,-79.76897346470544,-111.67801018792272,-47.12728160689662,1000
AP4,0.03346733668341708,540.1196408002265,459.59936662380414,427.96080098876763,492.20973123983777,-80.52027417642239,-112.15883981145892,-47.90990956038878,1000
AP4,0.03376884422110552,540.1196408002265,458.7811961420298,427.1503842178903,491.26192445477824,-81.33844465819678,-112.96925658233621,-48.85771634544829,1000
AP4,0.034070351758793964,540.1196408002265,458.15608925289456,426.1698570648102,490.5199831292006,-81.96355154733197,-113.94978373541637,-49.599657671025916,1000
AP4,0.034371859296482406,540.1196408002265,457.38473894132727,425.29397647981693,489.8108007071864,-82.73490185889926,-114.8256643204096,-50.30884009304014,1000
AP4,0.03467336683417085,540.1196408002265,456.6407464495142,424.56146688950207,489.0743825965095,-83.47889435071234,-115.55817391072445,-51.045258203717,1000
AP4,0.03497487437185929,540.1196408002265,455.9154987858514,423.97907492222237,488.2539082826473,-84.20414201437512,-116.1405658780042,-51.86573251757927,1000
AP4,0.03527638190954773,540.1196408002265,455.2102550188469,423.3560684336853,487.58568867266644,-84.90938578137964,-116.76357236654124,-52.533952127560084,1000
AP4,0.03557788944723618,540.1196408002265,454.49989902433356,422.6491190628365,486.8309167437445,-85.61974177589295,-117.47052173739003,-53.28872405648198,1000
AP4,0.03587939698492462,540.1196408002265,453.7225039700311,421.8610332622243,485.9403694154553,-86.39713683019548,-118.25860753800224,-54.179271384771255,1000
AP4,0.036180904522613064,540.1196408002265,453.1570682865579,421.07847745050736,485.04022344434236,-86.96257251366862,-119.04116334971916,-55.079417355884175,1000
AP4,0.036482412060301506,540.1196408002265,452.40213974799036,420.3540291216694,484.3070574218788,-87.71750105223619,-119.76561167855715,-55.81258337834773,1000
AP4,0.03678391959798995,540.1196408002265,451.68316855501484,419.78847637350094,483.4561904763184,-88.43647224521169,-120.3311644267256,-56.663450323908116,1000
AP4,0.03708542713567839,540.1196408002265,451.0450387367655,418.9784593090993,482.9884526582982,-89.07460206346103,-121.14118149112718,-57.13118814192834,1000
AP4,0.03738693467336683,540.1196408002265,450.3578660311515,418.23657203748286,482.00301902283314,-89.761774769075,-121.88306876274366,-58.11662177739337,1000
AP4,0.03768844221105527,540.1196408002265,449.6595398211058,417.47825489562206,480.83996923619685,-90.46010097912074,-122.64138590460446,-59.279671564029684,1000
AP4,0.037989949748743715,540.1196408002265,448.8960909708543,416.6626157375845,479.95042863503517,-91.22354982937225,-123.45702506264207,-60.169212165191354,1000
AP4,0.03829145728643216,540.1196408002265,448.1311640577659,416.18953403796013,478.94650868851346,-91.98847674246062,-123.93010676226639,-61.173132111713066,1000
AP4,0.0385929648241206,540.1196408002265,447.3542547607748,415.5381192405689,477.8627927869185,-92.76538603945176,-124.58152155965762,-62.256848013308066,1000
AP4,0.03889447236180904,540.1196408002265,446.60043994337923,414.90350553194094,476.8270643165984,-93.51920085684732,-125.21613526828558,-63.29257648362813,1000
AP4,0.03919597989949748,540.1196408002265,446.02507128085534,414.4407867933682,476.0819556031395,-94.09456951937118,-125.67885400685832,-64.03768519708707,1000
AP4,0.039497487437185924,540.1196408002265,445.21969140183546,413.668194906252,475.082038560157,-94.8999493983911,-126.45144589397452,-65.03760224006956,1000
AP4,0.039798994974874366,540.1196408002265,444.5574333502867,413.0417487196338,474.06590016060164,-95.56220744993982,-127.07789208059273,-66.0537406396249,1000
AP4,0.04010050251256281,540.1196408002265,443.76426166451665,412.1416116514634,473.04355304801413,-96.35537913570991,-127.97802914876313,-67.07608775221237,1000
AP4,0.04040201005025125,540.1196408002265,442.91174756811887,411.24163191395985,472.0149972223945,-97.20789323210766,-128.87800888626668,-68.104643577832,1000
AP4,0.04070351758793969,540.1196408002265,442.01589061175235,410.8105058626776,471.09635743385,-98.1037501884742,-129.30913493754898,-69.02328336637655,1000
AP4,0.04100502512562813,540.1196408002265,441.1655690345257,410.03733779549833,470.28577145121096,-98.95407176570085,-130.0823030047282,-69.83386934901554,1000
AP4,0.041306532663316575,540.1196408002265,440.4448325705752,409.5506115633825,469.4999588419225,-99.6748082296513,-130.569029236844,-70.61968195830407,1000
AP4,0.04160804020100502,540.1196408002265,439.8166326073278,409.2033126110857,468.6696984440348,-100.30300819289876,-130.91632818914078,-71.44994235619174,1000
AP4,0.041909547738693466,540.1196408002265,439.074029825774,408.6551022501212,467.810861685242,-101.04561097445254,-131.46453855010532,-72.30877911498456,1000
AP4,0.04221105527638191,540.1196408002265,438.3429217738918,408.17610814848433,467.0135278727222,-101.77671902633469,-131.94353265174217,-73.10611292750431,1000
AP4,0.04251256281407035,540.1196408002265,437.7228571219397,407.7281662339073,466.05943274728486,-102.39678367828682,-132.39147456631923,-74.06020805294169,1000
AP4,0.04281407035175879,540.1196408002265,436.9435953045672,407.3011093176582,465.15281995467166,-103.17604549565934,-132.81853148256837,-74.96682084555489,1000
AP4,0.04311557788944723,540.1196408002265,436.2358167845362,406.84219361898806,464.17360203819203,-103.88382401569034,-133.27744718123847,-75.9460387620345,1000
AP4,0.043417085427135675,540.1196408002265,435.39419791311394,406.2248202219708,463.3887305336934,-104.72544288711258,-133.89482057825575,-76.73091026653316,1000
AP4,0.04371859296482412,540.1196408002265,434.67228461760084,405.68475928815747,462.5224359201019,-105.4473561826257,-134.4348815120691,-77.59720488012464,1000
AP4,0.04402010050251256,540.1196408002265,433.8941805996823,405.1600565077747,461.67511323638496,-106.22546020054423,-134.95958429245186,-78.44452756384158,1000
AP4,0.044321608040201,540.1196408002265,433.0755797221303,404.46669407863834,460.89184286735826,-107.0440610780962,-135.6529467215882,-79.22779793286827,1000
AP4,0.04462311557788944,540.1196408002265,432.42203398301433,403.85811450343294,459.82717892969964,-107.6976068172122,-136.26152629679362,-80.2924618705269,1000
AP4,0.044924623115577884,540.1196408002265,431.8256905318314,403.4763082273692,458.91651874615405,-108.29395026839514,-136.64333257285733,-81.20312205407248,1000
AP4,0.045226130653266326,540.1196408002265,430.9675997874598,402.87775278110496,458.1255602761257,-109.15204101276677,-137.24188801912155,-81.99408052410082,1000
AP4,0.04552763819095477,540.1196408002265,430.0690410025752,401.93983068252214,457.3566491700242,-110.05059979765136,-138.17981011770436,-82.76299163020234,1000
AP4,0.04582914572864321,540.1196408002265,429.3951337604598,401.04995744085886,456.69516107213656,-110.7245070397667,-139.06968335936764,-83.42447972808998,1000
AP4,0.04613065326633165,540.1196408002265,428.7568313842787,400.4365288494057,455.816427914262,-111.36280941594782,-139.68311195082086,-84.3032128859645,1000
AP4,0.046432160804020094,540.1196408002265,428.016840486164,400.1862472778363,455.03451430510216,-112.1028003140625,-139.93339352239022,-85.08512649512437,1000
AP4,0.046733668341708536,540.1196408002265,427.39391667392965,399.66337423427916,454.33310890985274,-112.72572412629691,-140.45626656594737,-85.78653189037377,1000
AP4,0.04703517587939698,540.1196408002265,426.4692030175416,399.291158404377,453.4614132680149,-113.65043778268495,-140.82848239584956,-86.65822753221164,1000
AP4,0.04733668341708542,540.1196408002265,425.77103006985584,398.8820482306014,452.6660213071691,-114.3486107303707,-141.23759256962515,-87.45361949305743,1000
AP4,0.04763819095477386,540.1196408002265,424.93127692465544,397.54725514500797,451.5065513977858,-115.18836387557108,-142.57238565521854,-88.6130894024407,1000
AP4,0.0479396984924623,540.1196408002265,424.41465368150455,396.84433529508715,450.7392480109329,-115.70498711872199,-143.2753055051394,-89.38039278929367,1000
AP4,0.04824120603015075,540.1196408002265,423.81382329394177,396.31462366887195,449.5168870655493,-116.30581750628477,-143.80501713135456,-90.60275373467722,1000
AP4,0.048542713567839194,540.1196408002265,423.13158985635914,395.65361008264966,448.9515043505396,-116.98805094386739,-144.46603071757687,-91.16813644968695,1000
AP4,0.048844221105527635,540.1196408002265,422.42081578792806,395.1583890022256,447.8892861765852,-117.6988250122985,-144.96125179800094,-92.23035462364135,1000
AP4,0.04914572864321608,540.1196408002265,421.76687398670447,394.8393813299434,446.82659000881887,-118.35276681352207,-145.28025947028308,-93.29305079140767,1000
AP4,0.04944723618090452,540.1196408002265,420.9217443475474,394.523215683874,446.0001594808131,-119.19789645267912,-145.59642511635255,-94.11948131941342,1000
AP4,0.04974874371859296,540.1196408002265,420.23309430630445,394.09141950952835,444.9748060361341,-119.88654649392211,-146.02822129069818,-95.14483476409242,1000
AP4,0.0500502512562814,540.1196408002265,419.3565696999103,393.3311361081876,444.09863345826386,-120.76307110031618,-146.78850469203897,-96.02100734196264,1000
AP4,0.050351758793969845,540.1196408002265,418.69841541671803,392.4958557034811,443.1101095406401,-121.42122538350847,-147.62378509674548,-97.0095312595864,1000
AP4,0.050653266331658287,540.1196408002265,417.7567021469106,391.78517866918855,442.6163920826938,-122.36293865331595,-148.33446213103798,-97.50324871753278,1000
AP4,0.05095477386934673,540.1196408002265,417.2647273132949,391.06628283594455,441.8148342925889,-122.85491348693165,-149.053357964282,-98.30480650763764,1000
AP4,0.05125628140703517,540.1196408002265,416.55775148947083,390.3150049249284,441.0148091614409,-123.5618893107557,-149.8046358752981,-99.10483163878561,1000
AP4,0.05155778894472361,540.1196408002265,415.7707125147319,389.41196822255375,440.2092441285528,-124.34892828549467,-150.70767257767278,-99.91039667167372,1000
AP4,0.051859296482412054,540.1196408002265,415.0937333582424,388.475350833947,439.3229281402914,-125.02590744198412,-151.64428996627956,-100.79671265993512,1000
AP4,0.052160804020100496,540.1196408002265,414.50117998913584,387.8493378910107,438.5924407223253,-125.61846081109071,-152.27030290921584,-101.52720007790124,1000
AP4,0.05246231155778894,540.1196408002265,413.73248627563333,387.00318007369907,437.8291487041424,-126.3871545245932,-153.11646072652746,-102.29049209608411,1000
AP4,0.05276381909547738,540.1196408002265,412.94982450333924,386.14844994231123,437.1875249496599,-127.16981629688729,-153.9711908579153,-102.9321158505666,1000
AP4,0.05306532663316582,540.1196408002265,412.2173143124044,384.8068207729338,436.1281931021203,-127.90232648782212,-155.31282002729273,-103.99144769810623,1000
AP4,0.05336683417085426,540.1196408002265,411.63588437262393,383.9815986690594,435.3873351279612,-128.4837564276026,-156.13804213116714,-104.73230567226534,1000
AP4,0.053668341708542705,540.1196408002265,410.9182647218082,383.0464186485777,434.9237637816414,-129.20137607841832,-157.07322215164885,-105.19587701858514,1000
AP4,0.05396984924623115,540.1196408002265,410.2884383352165,382.3221170103418,434.3551594053931,-129.83120246501005,-157.7975237898847,-105.76448139483342,1000
AP4,0.05427135678391959,540.1196408002265,409.53908118977535,381.32607790516045,433.6530886760896,-130.5805596104512,-158.79356289506606,-106.46655212413692,1000
AP4,0.05457286432160803,540.1196408002265,408.78951443825605,380.59905510335125,433.3871259619656,-131.33012636197049,-159.52058569687526,-106.73251483826095,1000
AP4,0.05487437185929648,540.1196408002265,408.0539301526721,379.3210982884829,432.4717334697072,-132.06571064755445,-160.79854251174362,-107.64790733051932,1000
AP4,0.05517587939698492,540.1196408002265,407.27795282862803,378.32609750863946,432.1337972504768,-132.8416879715985,-161.79354329158704,-107.98584354974973,1000
AP4,0.05547738693467336,540.1196408002265,406.65497810183365,377.20114054136593,431.8776087646966,-133.4646626983929,-162.91850025886058,-108.24203203552993,1000
AP4,0.055778894472361805,540.1196408002265,405.6636224595386,376.3019804237864,431.84535234571246,-134.4560183406879,-163.8176603764401,-108.27428845451406,1000
AP4,0.05608040201005025,540.1196408002265,404.9050558501591,375.28551174879533,431.5277296384818,-135.2145849500674,-164.8341290514312,-108.59191116174478,1000
AP4,0.05638190954773869,540.1196408002265,404.14085217220077,374.06606655809264,431.08341548573526,-135.97878862802574,-166.0535742421339,-109.03622531449126,1000
AP4,0.05668341708542713,540.1196408002265,403.25906476863406,373.30416271978476,430.26749914161377,-136.8605760315925,-166.81547808044178,-109.85214165861277,1000
AP4,0.05698492462311557,540.1196408002265,402.6278928020854,372.57570380255794,430.0140016125206,-137.4917479981411,-167.5439369976686,-110.10563918770593,1000
AP4,0.057286432160804014,540.1196408002265,401.8504088396823,371.30221481962326,429.6331359906308,-138.26923196054423,-168.81742598060325,-110.48650480959571,1000
AP4,0.057587939698492456,540.1196408002265,401.0347909784324,370.20343758678627,429.3596861672355,-139.08484982179414,-169.91620321344027,-110.759954632991,1000
AP4,0.0578894472361809,540.1196408002265,400.25525236712883,368.8955282781345,428.86341908736387,-139.8643884330977,-171.224112522092,-111.25622171286267,1000
AP4,0.05819095477386934,540.1196408002265,399.2540648440148,367.92368952698814,428.63522087442993,-140.8655759562117,-172.19595127323842,-111.48441992579662,1000
AP4,0.05849246231155778,540.1196408002265,398.6206526156038,366.9421828855826,428.5249888091276,-141.49898818462276,-173.17745791464392,-111.59465199109893,1000
AP4,0.05879396984924622,540.1196408002265,398.02683687164836,365.9617799244597,428.27018607402147,-142.0928039285782,-174.15786087576686,-111.8494547262051,1000
AP4,0.059095477386934665,540.1196408002265,397.3806682455489,364.7745637868346,427.8832122414039,-142.7389725546776,-175.34507701339191,-112.23642855882262,1000
AP4,0.05939698492462311,540.1196408002265,396.6933598676813,363.61399502611084,427.4311610512192,-143.42628093254524,-176.50564577411572,-112.68847974900737,1000
AP4,0.05969849246231155,540.1196408002265,395.9850330648905,362.1804599817223,427.03849967326573,-144.13460773533603,-177.9391808185042,-113.08114112696083,1000
AP4,0.06,540.1196408002265,395.1439121120388,360.9156415402286,426.89760299463273,-144.97572868818776,-179.20399925999794,-113.22203780559381,1000
